{
    "columns": [
        "card_fico_score",
        "signature_provided",
        "card_age",
        "purchase_amount"
    ],
    "shifts": [
        570.6477979550205,
        0.17483698985019336,
        45.024154287073074,
        246.5035439219835
    ],
    "inv_scales": [
        0.005869520032131961,
        2.632756818868025,
        0.04976338321764324,
        0.0013629781816771047
    ]
}