{
    "startedAt": 1714121477662,
    "gridSize": 8,
    "nThreads": 4,
    "nSplits": 5,
    "metric": "ROC_AUC",
    "timeout": null,
    "gridPoints": [
        {
            "finishedAt": 1714121481271,
            "score": 0.759840138483919,
            "testScoreGibMean": 0.759840138483919,
            "testScoreMean": 0.759840138483919,
            "testScoreStd": 0.002870824876248479,
            "trainScoreMean": 0.7844087109485326,
            "trainScoreStd": 0.002607818223994792,
            "time": 9729,
            "fitTimeMean": 1652.4,
            "fitTimeStd": 184.78701253064295,
            "scoreTimeMean": 293.4,
            "scoreTimeStd": 48.04414636560837,
            "parameters": {
                "boosting_type": "gbdt",
                "colsample_bytree": 0.7,
                "learning_rate": 0.1,
                "min_child_samples": 10,
                "min_child_weight": 0.001,
                "min_split_gain": 0.0,
                "n_estimators": 74,
                "num_leaves": 31,
                "reg_alpha": 0.0,
                "reg_lambda": 0.0
            }
        },
        {
            "finishedAt": 1714121482303,
            "score": 0.7604421392071051,
            "testScoreGibMean": 0.7604421392071051,
            "testScoreMean": 0.7604421392071051,
            "testScoreStd": 0.0034651755067554406,
            "trainScoreMean": 0.7905113248651783,
            "trainScoreStd": 0.006199965851297665,
            "time": 6735,
            "fitTimeMean": 1105.6,
            "fitTimeStd": 222.978563992147,
            "scoreTimeMean": 241.4,
            "scoreTimeStd": 27.22939588018801,
            "parameters": {
                "boosting_type": "gbdt",
                "colsample_bytree": 0.7,
                "learning_rate": 0.2,
                "min_child_samples": 30,
                "min_child_weight": 0.001,
                "min_split_gain": 0.0,
                "n_estimators": 47,
                "num_leaves": 31,
                "reg_alpha": 0.0,
                "reg_lambda": 0.0
            }
        },
        {
            "finishedAt": 1714121484086,
            "score": 0.7607799691776214,
            "testScoreGibMean": 0.7607799691776214,
            "testScoreMean": 0.7607799691776214,
            "testScoreStd": 0.002711522480771907,
            "trainScoreMean": 0.7932272667244082,
            "trainScoreStd": 0.006943372869649369,
            "time": 6996,
            "fitTimeMean": 1198.2,
            "fitTimeStd": 220.47439760661553,
            "scoreTimeMean": 201.0,
            "scoreTimeStd": 17.84376641855637,
            "parameters": {
                "boosting_type": "gbdt",
                "colsample_bytree": 0.9,
                "learning_rate": 0.2,
                "min_child_samples": 30,
                "min_child_weight": 0.001,
                "min_split_gain": 0.0,
                "n_estimators": 48,
                "num_leaves": 31,
                "reg_alpha": 0.0,
                "reg_lambda": 0.0
            }
        },
        {
            "finishedAt": 1714121485338,
            "score": 0.7594218987823047,
            "testScoreGibMean": 0.7594218987823047,
            "testScoreMean": 0.7594218987823047,
            "testScoreStd": 0.003196271212546794,
            "trainScoreMean": 0.7888756205585533,
            "trainScoreStd": 0.008441950979956092,
            "time": 6431,
            "fitTimeMean": 1105.8,
            "fitTimeStd": 273.2540210134153,
            "scoreTimeMean": 180.4,
            "scoreTimeStd": 23.499787233079367,
            "parameters": {
                "boosting_type": "gbdt",
                "colsample_bytree": 0.7,
                "learning_rate": 0.2,
                "min_child_samples": 10,
                "min_child_weight": 0.001,
                "min_split_gain": 0.0,
                "n_estimators": 39,
                "num_leaves": 31,
                "reg_alpha": 0.0,
                "reg_lambda": 0.0
            }
        },
        {
            "finishedAt": 1714121488531,
            "score": 0.7613505389775078,
            "testScoreGibMean": 0.7613505389775078,
            "testScoreMean": 0.7613505389775078,
            "testScoreStd": 0.0025219434460170497,
            "trainScoreMean": 0.7859658695694879,
            "trainScoreStd": 0.0044746823143990856,
            "time": 9707,
            "fitTimeMean": 1603.2,
            "fitTimeStd": 186.57052285931988,
            "scoreTimeMean": 338.2,
            "scoreTimeStd": 87.75967183165625,
            "parameters": {
                "boosting_type": "gbdt",
                "colsample_bytree": 0.7,
                "learning_rate": 0.1,
                "min_child_samples": 30,
                "min_child_weight": 0.001,
                "min_split_gain": 0.0,
                "n_estimators": 76,
                "num_leaves": 31,
                "reg_alpha": 0.0,
                "reg_lambda": 0.0
            }
        },
        {
            "finishedAt": 1714121489562,
            "score": 0.7605736100495868,
            "testScoreGibMean": 0.7605736100495868,
            "testScoreMean": 0.7605736100495868,
            "testScoreStd": 0.0031361903242724913,
            "trainScoreMean": 0.7844607095475901,
            "trainScoreStd": 0.00320900388739981,
            "time": 5656,
            "fitTimeMean": 941.2,
            "fitTimeStd": 78.9060200491699,
            "scoreTimeMean": 190.0,
            "scoreTimeStd": 51.93457422565434,
            "parameters": {
                "boosting_type": "gbdt",
                "colsample_bytree": 0.9,
                "learning_rate": 0.2,
                "min_child_samples": 10,
                "min_child_weight": 0.001,
                "min_split_gain": 0.0,
                "n_estimators": 33,
                "num_leaves": 31,
                "reg_alpha": 0.0,
                "reg_lambda": 0.0
            }
        },
        {
            "finishedAt": 1714121492380,
            "score": 0.7603734979802003,
            "testScoreGibMean": 0.7603734979802003,
            "testScoreMean": 0.7603734979802003,
            "testScoreStd": 0.0034634050005783227,
            "trainScoreMean": 0.7878710502138077,
            "trainScoreStd": 0.0015342492517336763,
            "time": 9830,
            "fitTimeMean": 1711.0,
            "fitTimeStd": 54.60036629913759,
            "scoreTimeMean": 255.0,
            "scoreTimeStd": 38.1103660438994,
            "parameters": {
                "boosting_type": "gbdt",
                "colsample_bytree": 0.9,
                "learning_rate": 0.1,
                "min_child_samples": 10,
                "min_child_weight": 0.001,
                "min_split_gain": 0.0,
                "n_estimators": 75,
                "num_leaves": 31,
                "reg_alpha": 0.0,
                "reg_lambda": 0.0
            }
        },
        {
            "finishedAt": 1714121494203,
            "score": 0.7609888472731428,
            "testScoreGibMean": 0.7609888472731428,
            "testScoreMean": 0.7609888472731428,
            "testScoreStd": 0.0030314261981818037,
            "trainScoreMean": 0.7884953901121243,
            "trainScoreStd": 0.0014105086870893394,
            "time": 9451,
            "fitTimeMean": 1667.8,
            "fitTimeStd": 191.49767622610986,
            "scoreTimeMean": 222.4,
            "scoreTimeStd": 25.120509548972134,
            "parameters": {
                "boosting_type": "gbdt",
                "colsample_bytree": 0.9,
                "learning_rate": 0.1,
                "min_child_samples": 30,
                "min_child_weight": 0.001,
                "min_split_gain": 0.0,
                "n_estimators": 74,
                "num_leaves": 31,
                "reg_alpha": 0.0,
                "reg_lambda": 0.0
            }
        }
    ]
}