{
    "predictedClassCount": {
        "1": 19535,
        "0": 539
    },
    "probabilityDensities": {
        "0": {
            "density": [
                0.33327784613968525,
                0.4723006213888326,
                0.6370081404765965,
                0.8181072556493467,
                1.00109217414488,
                1.1686152332017516,
                1.304187603628076,
                1.3957701522051933,
                1.4378391819447018,
                1.4314134042111613,
                1.382596640105007,
                1.3006570750487148,
                1.1963743424755304,
                1.0808091011489356,
                0.9643222568251065,
                0.8557242097273189,
                0.7616271106825829,
                0.6861447861060863,
                0.6309954598034688,
                0.5959335632817238,
                0.579369281128353,
                0.5790269586873813,
                0.5925027639252203,
                0.617600315648431,
                0.6523793398852122,
                0.6949563796914164,
                0.743204166057661,
                0.7945402975302275,
                0.8459484145960956,
                0.8942722642103941,
                0.9367239656218953,
                0.9714776487573249,
                0.998170507638889,
                1.018116511609004,
                1.03410110610138,
                1.0497873732612233,
                1.0689486469098746,
                1.094815931909591,
                1.1297268977702941,
                1.1750660368011647,
                1.2313454295332544,
                1.2982787642614462,
                1.3748039939775045,
                1.4591025667273514,
                1.5486798528713284,
                1.6405334723607796,
                1.731400140860163,
                1.8180552445233018,
                1.8976143398942622,
                1.967741071758884,
                2.0266528759761,
                2.0728992005824427,
                2.1050476643306153,
                2.1215275788720223,
                2.120824747597543,
                2.102004488419843,
                2.0653111923045486,
                2.0125183980303216,
                1.9468279835443099,
                1.8723409299617042,
                1.793297765807151,
                1.7133349707798977,
                1.6349498509711664,
                1.5592837245026054,
                1.4862597818450802,
                1.415029516384719,
                1.344574397051959,
                1.2742261474382897,
                1.2038954845752616,
                1.1339559951282523,
                1.0649187986479356,
                0.9971168468137459,
                0.9305505128478679,
                0.8649124320589444,
                0.7997246268072832,
                0.734521006661611,
                0.6690422237916493,
                0.6034163118206494,
                0.5382713477769012,
                0.47471062389703705,
                0.41411990325644665,
                0.35786241147412023,
                0.30698818652158705,
                0.2620766589136135,
                0.22324501986154088,
                0.19026185493354814,
                0.16267992453783844,
                0.1399443348400753,
                0.1214749545725453,
                0.10671417912221992,
                0.09510355330908751,
                0.08597727976085266,
                0.07844865523324444,
                0.07142981191468264,
                0.06386709259019657,
                0.05510719191394714,
                0.04517129430288561,
                0.03474090324088564,
                0.02484274714959575,
                0.01641316525045223
            ],
            "median": 0.4817671323965712
        },
        "1": {
            "density": [
                0.01641316525045221,
                0.02484274714959586,
                0.034740903240885954,
                0.04517129430288554,
                0.055107191913946654,
                0.06386709259019692,
                0.07142981191468264,
                0.078448655233245,
                0.08597727976085404,
                0.0951035533090865,
                0.10671417912221992,
                0.12147495457254875,
                0.13994433484007604,
                0.16267992453783872,
                0.19026185493355421,
                0.22324501986154405,
                0.2620766589136121,
                0.3069881865215821,
                0.35786241147411707,
                0.4141199032564422,
                0.4747106238970337,
                0.5382713477769213,
                0.6034163118206537,
                0.6690422237916684,
                0.7345210066616267,
                0.7997246268072761,
                0.8649124320589275,
                0.93055051284783,
                0.9971168468137299,
                1.0649187986478865,
                1.1339559951282865,
                1.2038954845752745,
                1.2742261474383099,
                1.3445743970518491,
                1.4150295163847342,
                1.4862597818450882,
                1.5592837245025195,
                1.6349498509711722,
                1.7133349707798826,
                1.7932977658071414,
                1.8723409299615479,
                1.946827983544417,
                2.0125183980302968,
                2.065311192304655,
                2.1020044884198246,
                2.120824747597599,
                2.121527578872075,
                2.105047664330503,
                2.0728992005825533,
                2.0266528759758735,
                1.9677410717589188,
                1.8976143398942487,
                1.8180552445232694,
                1.7314001408601722,
                1.6405334723608118,
                1.548679852871287,
                1.4591025667274085,
                1.3748039939774557,
                1.2982787642614737,
                1.2313454295332327,
                1.1750660368010875,
                1.129726897770264,
                1.0948159319095403,
                1.0689486469097986,
                1.0497873732612513,
                1.0341011061013745,
                1.0181165116090314,
                0.9981705076389121,
                0.9714776487573198,
                0.9367239656218188,
                0.8942722642104147,
                0.8459484145960731,
                0.7945402975302458,
                0.7432041660576347,
                0.6949563796914177,
                0.6523793398852064,
                0.6176003156484013,
                0.5925027639252014,
                0.5790269586874018,
                0.5793692811283303,
                0.5959335632817471,
                0.6309954598034611,
                0.6861447861060643,
                0.7616271106825951,
                0.8557242097273219,
                0.9643222568251288,
                1.0808091011489624,
                1.196374342475522,
                1.3006570750487727,
                1.3825966401049996,
                1.4314134042111308,
                1.4378391819446712,
                1.3957701522052477,
                1.3041876036281177,
                1.1686152332017579,
                1.0010921741448977,
                0.8181072556493453,
                0.6370081404766034,
                0.4723006213888502,
                0.33327784613968287
            ],
            "median": 0.5182328676034288
        }
    }
}