{
    "columns": [
        "card_fico_score",
        "signature_provided",
        "card_age",
        "purchase_amount",
        "purchase_amount_min",
        "purchase_amount_max",
        "purchase_amount_avg",
        "purchase_amount_sum",
        "w2_purchase_amount_min",
        "w2_purchase_amount_max",
        "w2_purchase_amount_avg",
        "w2_purchase_amount_sum"
    ],
    "shifts": [
        572.071496544125,
        0.17409596313733347,
        45.04744315336071,
        246.75357407589854,
        93.52647463187283,
        627.5032642992829,
        238.94622248099284,
        1532.501183511981,
        100.16904099469375,
        1312.4230371631645,
        241.32479644623695,
        72743.89127241174
    ],
    "inv_scales": [
        0.005868270547680333,
        2.6371700573669368,
        0.04974392535972595,
        0.0013658146526927084,
        0.002785806343994089,
        0.0007373764001333866,
        0.0022081206599242277,
        0.00031661685698338154,
        0.0019356920956021056,
        0.0003445769936650045,
        0.0017111680741519412,
        3.232845062766663e-06
    ]
}