{
    "startedAt": 1671528375758,
    "gridSize": 8,
    "nThreads": 4,
    "nSplits": 5,
    "metric": "ROC_AUC",
    "timeout": null,
    "gridPoints": [
        {
            "finishedAt": 1671528379177,
            "score": 0.7243161454697111,
            "testScoreGibMean": 0.7243161454697111,
            "testScoreMean": 0.7243161454697111,
            "testScoreStd": 0.005253297140145857,
            "trainScoreMean": 0.7317482520902812,
            "trainScoreStd": 0.010225050401205077,
            "time": 7002,
            "fitTimeMean": 1130.0,
            "fitTimeStd": 932.8639772228317,
            "scoreTimeMean": 270.4,
            "scoreTimeStd": 84.67726967728707,
            "parameters": {
                "boosting_type": "gbdt",
                "colsample_bytree": 0.7,
                "learning_rate": 0.1,
                "min_child_samples": 10,
                "min_child_weight": 0.001,
                "min_split_gain": 0.0,
                "n_estimators": 7,
                "num_leaves": 31,
                "reg_alpha": 0.0,
                "reg_lambda": 0.0
            }
        },
        {
            "finishedAt": 1671528379996,
            "score": 0.7336903309500858,
            "testScoreGibMean": 0.7336903309500858,
            "testScoreMean": 0.7336903309500858,
            "testScoreStd": 0.004001898843822572,
            "trainScoreMean": 0.7536730643397462,
            "trainScoreStd": 0.009468347434683897,
            "time": 8777,
            "fitTimeMean": 1496.8,
            "fitTimeStd": 444.9779320370843,
            "scoreTimeMean": 258.6,
            "scoreTimeStd": 21.06751053162191,
            "parameters": {
                "boosting_type": "gbdt",
                "colsample_bytree": 0.7,
                "learning_rate": 0.2,
                "min_child_samples": 30,
                "min_child_weight": 0.001,
                "min_split_gain": 0.0,
                "n_estimators": 39,
                "num_leaves": 31,
                "reg_alpha": 0.0,
                "reg_lambda": 0.0
            }
        },
        {
            "finishedAt": 1671528381509,
            "score": 0.7331301514715957,
            "testScoreGibMean": 0.7331301514715957,
            "testScoreMean": 0.7331301514715957,
            "testScoreStd": 0.0045037067890516145,
            "trainScoreMean": 0.7514206624398239,
            "trainScoreStd": 0.0022635461752574418,
            "time": 6199,
            "fitTimeMean": 998.6,
            "fitTimeStd": 62.33008904213117,
            "scoreTimeMean": 241.2,
            "scoreTimeStd": 43.664172956784604,
            "parameters": {
                "boosting_type": "gbdt",
                "colsample_bytree": 0.9,
                "learning_rate": 0.2,
                "min_child_samples": 30,
                "min_child_weight": 0.001,
                "min_split_gain": 0.0,
                "n_estimators": 35,
                "num_leaves": 31,
                "reg_alpha": 0.0,
                "reg_lambda": 0.0
            }
        },
        {
            "finishedAt": 1671528383298,
            "score": 0.7323568185794641,
            "testScoreGibMean": 0.7323568185794641,
            "testScoreMean": 0.7323568185794641,
            "testScoreStd": 0.00495607026980738,
            "trainScoreMean": 0.7472631129997649,
            "trainScoreStd": 0.0024659048507897218,
            "time": 5415,
            "fitTimeMean": 900.0,
            "fitTimeStd": 108.22938602800997,
            "scoreTimeMean": 183.0,
            "scoreTimeStd": 18.708286933869708,
            "parameters": {
                "boosting_type": "gbdt",
                "colsample_bytree": 0.7,
                "learning_rate": 0.2,
                "min_child_samples": 10,
                "min_child_weight": 0.001,
                "min_split_gain": 0.0,
                "n_estimators": 30,
                "num_leaves": 31,
                "reg_alpha": 0.0,
                "reg_lambda": 0.0
            }
        },
        {
            "finishedAt": 1671528385536,
            "score": 0.7310416502040649,
            "testScoreGibMean": 0.7310416502040649,
            "testScoreMean": 0.7310416502040649,
            "testScoreStd": 0.007236957444739305,
            "trainScoreMean": 0.7451017193309024,
            "trainScoreStd": 0.008228288535607722,
            "time": 8216,
            "fitTimeMean": 1379.2,
            "fitTimeStd": 548.4299043633562,
            "scoreTimeMean": 264.0,
            "scoreTimeStd": 72.56721022610694,
            "parameters": {
                "boosting_type": "gbdt",
                "colsample_bytree": 0.7,
                "learning_rate": 0.1,
                "min_child_samples": 30,
                "min_child_weight": 0.001,
                "min_split_gain": 0.0,
                "n_estimators": 64,
                "num_leaves": 31,
                "reg_alpha": 0.0,
                "reg_lambda": 0.0
            }
        },
        {
            "finishedAt": 1671528386374,
            "score": 0.7328066232983343,
            "testScoreGibMean": 0.7328066232983343,
            "testScoreMean": 0.7328066232983343,
            "testScoreStd": 0.0045082282526462845,
            "trainScoreMean": 0.7478881388880299,
            "trainScoreStd": 0.0031086853380402216,
            "time": 5494,
            "fitTimeMean": 903.6,
            "fitTimeStd": 103.09723565644231,
            "scoreTimeMean": 195.2,
            "scoreTimeStd": 37.87558580405061,
            "parameters": {
                "boosting_type": "gbdt",
                "colsample_bytree": 0.9,
                "learning_rate": 0.2,
                "min_child_samples": 10,
                "min_child_weight": 0.001,
                "min_split_gain": 0.0,
                "n_estimators": 32,
                "num_leaves": 31,
                "reg_alpha": 0.0,
                "reg_lambda": 0.0
            }
        },
        {
            "finishedAt": 1671528387963,
            "score": 0.7273717256447859,
            "testScoreGibMean": 0.7273717256447859,
            "testScoreMean": 0.7273717256447859,
            "testScoreStd": 0.0083376450789051,
            "trainScoreMean": 0.7388643559001188,
            "trainScoreStd": 0.012304804448141554,
            "time": 5368,
            "fitTimeMean": 901.8,
            "fitTimeStd": 532.6317301851252,
            "scoreTimeMean": 171.8,
            "scoreTimeStd": 69.5281238061261,
            "parameters": {
                "boosting_type": "gbdt",
                "colsample_bytree": 0.9,
                "learning_rate": 0.1,
                "min_child_samples": 10,
                "min_child_weight": 0.001,
                "min_split_gain": 0.0,
                "n_estimators": 50,
                "num_leaves": 31,
                "reg_alpha": 0.0,
                "reg_lambda": 0.0
            }
        },
        {
            "finishedAt": 1671528389558,
            "score": 0.7330363250500648,
            "testScoreGibMean": 0.7330363250500648,
            "testScoreMean": 0.7330363250500648,
            "testScoreStd": 0.004419536328250914,
            "trainScoreMean": 0.750863235498797,
            "trainScoreStd": 0.001526747125934762,
            "time": 7294,
            "fitTimeMean": 1262.2,
            "fitTimeStd": 155.62698994711684,
            "scoreTimeMean": 196.6,
            "scoreTimeStd": 17.85049018934774,
            "parameters": {
                "boosting_type": "gbdt",
                "colsample_bytree": 0.9,
                "learning_rate": 0.1,
                "min_child_samples": 30,
                "min_child_weight": 0.001,
                "min_split_gain": 0.0,
                "n_estimators": 64,
                "num_leaves": 31,
                "reg_alpha": 0.0,
                "reg_lambda": 0.0
            }
        }
    ]
}